"DESCRIPTION","DURATION IN MS","NAME","PARENT SUITE","START TIME","STATUS","STOP TIME","SUB SUITE","SUITE","TEST CLASS","TEST METHOD"
"","1916","the rooms table renders after login","chromium","Mon Sep 14 13:43:55 UTC 2026","passed","Mon Sep 14 13:43:57 UTC 2026","admin room management","","",""
"","228","GET /message/count returns a non-negative integer","api","Mon Sep 14 13:43:35 UTC 2026","passed","Mon Sep 14 13:43:35 UTC 2026","contact messages API","","",""
"","3603","book buttons are clickable in viewport order","webkit","Mon Sep 14 13:44:32 UTC 2026","passed","Mon Sep 14 13:44:35 UTC 2026","home page navigation","","",""
"","1","logout invalidates the token","api","Mon Sep 14 13:43:28 UTC 2026","skipped","Mon Sep 14 13:43:28 UTC 2026","auth session lifecycle","","",""
"","1465","rejects login: right user, wrong password","firefox","Mon Sep 14 13:43:54 UTC 2026","passed","Mon Sep 14 13:43:55 UTC 2026","admin login","","",""
"","1811","book buttons are clickable in viewport order","firefox","Mon Sep 14 13:44:12 UTC 2026","passed","Mon Sep 14 13:44:14 UTC 2026","home page navigation","","",""
"","2158","two sequential logins each issue an independently valid token","api","Mon Sep 14 13:43:27 UTC 2026","passed","Mon Sep 14 13:43:29 UTC 2026","auth session lifecycle","","",""
"","1747","renders at least one room card","chromium","Mon Sep 14 13:44:03 UTC 2026","passed","Mon Sep 14 13:44:05 UTC 2026","home page navigation","","",""
"","872","validate rejects an empty token","api","Mon Sep 14 13:43:27 UTC 2026","passed","Mon Sep 14 13:43:28 UTC 2026","auth session lifecycle","","",""
"","240","created room appears in the list with the submitted fields","api","Mon Sep 14 13:43:37 UTC 2026","passed","Mon Sep 14 13:43:38 UTC 2026","room admin CRUD","","",""
"","2904","the inbox lists messages","chromium","Mon Sep 14 13:43:52 UTC 2026","passed","Mon Sep 14 13:43:55 UTC 2026","admin message inbox","","",""
"","2429","the create-room form exposes the room fields","firefox","Mon Sep 14 13:44:03 UTC 2026","passed","Mon Sep 14 13:44:06 UTC 2026","admin room management","","",""
"","1509","valid credentials log the admin in","chromium","Mon Sep 14 13:43:47 UTC 2026","passed","Mon Sep 14 13:43:48 UTC 2026","admin login","","",""
"","742","valid credentials return a non-empty token","api","Mon Sep 14 13:43:28 UTC 2026","passed","Mon Sep 14 13:43:29 UTC 2026","auth API","","",""
"","4991","branding details load from the nav","firefox","Mon Sep 14 13:43:45 UTC 2026","passed","Mon Sep 14 13:43:50 UTC 2026","admin branding page","","",""
"","591","login form has username and password fields","chromium","Mon Sep 14 13:43:51 UTC 2026","passed","Mon Sep 14 13:43:52 UTC 2026","admin login","","",""
"","1109","login form has username and password fields","firefox","Mon Sep 14 13:43:57 UTC 2026","passed","Mon Sep 14 13:43:58 UTC 2026","admin login","","",""
"","405","filtering by roomid returns only matching bookings (loose check)","api","Mon Sep 14 13:43:33 UTC 2026","passed","Mon Sep 14 13:43:33 UTC 2026","booking list & filter","","",""
"","9250","the Front Page link returns to the public site","webkit","Mon Sep 14 13:43:52 UTC 2026","passed","Mon Sep 14 13:44:01 UTC 2026","admin navigation out of the portal","","",""
"","1588","shows at least one bookable room","chromium","Mon Sep 14 13:43:02 UTC 2026","passed","Mon Sep 14 13:43:03 UTC 2026","@smoke home page","","",""
"","3188","contact section becomes visible after scrolling","webkit","Mon Sep 14 13:44:28 UTC 2026","passed","Mon Sep 14 13:44:32 UTC 2026","contact form","","",""
"","2159","admin can log in with valid credentials","chromium","Mon Sep 14 13:42:59 UTC 2026","passed","Mon Sep 14 13:43:01 UTC 2026","@smoke admin portal","","",""
"","1924","title matches the expected pattern","firefox","Mon Sep 14 13:44:13 UTC 2026","passed","Mon Sep 14 13:44:15 UTC 2026","home page navigation","","",""
"","2370","the rooms table renders after login","firefox","Mon Sep 14 13:44:02 UTC 2026","passed","Mon Sep 14 13:44:04 UTC 2026","admin room management","","",""
"","651","DELETE /room/{id} removes the room","api","Mon Sep 14 13:43:38 UTC 2026","passed","Mon Sep 14 13:43:39 UTC 2026","room admin CRUD","","",""
"","255","POST creates a booking and returns the persisted entity","api","Mon Sep 14 13:43:30 UTC 2026","passed","Mon Sep 14 13:43:30 UTC 2026","booking CRUD","","",""
"","4575","user can submit a valid contact message","webkit","Mon Sep 14 13:44:24 UTC 2026","passed","Mon Sep 14 13:44:28 UTC 2026","contact form","","",""
"","1513","a message can be marked read and then deleted","api","Mon Sep 14 13:43:36 UTC 2026","passed","Mon Sep 14 13:43:37 UTC 2026","contact messages API","","",""
"","6200","the Front Page link returns to the public site","firefox","Mon Sep 14 13:43:45 UTC 2026","passed","Mon Sep 14 13:43:51 UTC 2026","admin navigation out of the portal","","",""
"","2443","rejects login: right user, wrong password","webkit","Mon Sep 14 13:44:04 UTC 2026","passed","Mon Sep 14 13:44:07 UTC 2026","admin login","","",""
"","1888","contact section becomes visible after scrolling","firefox","Mon Sep 14 13:44:10 UTC 2026","passed","Mon Sep 14 13:44:12 UTC 2026","contact form","","",""
"","1547","book buttons are clickable in viewport order","chromium","Mon Sep 14 13:44:05 UTC 2026","passed","Mon Sep 14 13:44:06 UTC 2026","home page navigation","","",""
"","1573","contact section becomes visible after scrolling","chromium","Mon Sep 14 13:44:03 UTC 2026","passed","Mon Sep 14 13:44:05 UTC 2026","contact form","","",""
"","1","happy path: guest details + future dates produce a confirmation","firefox","Mon Sep 14 13:44:08 UTC 2026","skipped","Mon Sep 14 13:44:08 UTC 2026","booking flow","","",""
"","3037","admin can create a room and see it listed","firefox","Mon Sep 14 13:44:04 UTC 2026","passed","Mon Sep 14 13:44:07 UTC 2026","admin room management","","",""
"","2735","the create-room form exposes the room fields","webkit","Mon Sep 14 13:44:16 UTC 2026","passed","Mon Sep 14 13:44:19 UTC 2026","admin room management","","",""
"","1","cancel closes the booking form","webkit","Mon Sep 14 13:44:24 UTC 2026","skipped","Mon Sep 14 13:44:24 UTC 2026","booking flow","","",""
"","259","GET /room/{id} returns the created room","api","Mon Sep 14 13:43:38 UTC 2026","passed","Mon Sep 14 13:43:38 UTC 2026","room admin CRUD","","",""
"","4179","renders at least one room card","webkit","Mon Sep 14 13:44:30 UTC 2026","passed","Mon Sep 14 13:44:35 UTC 2026","home page navigation","","",""
"","1118","booking list returns within a reasonable time","api","Mon Sep 14 13:43:34 UTC 2026","passed","Mon Sep 14 13:43:35 UTC 2026","booking list & filter","","",""
"","3732","the Front Page link returns to the public site","chromium","Mon Sep 14 13:43:43 UTC 2026","passed","Mon Sep 14 13:43:46 UTC 2026","admin navigation out of the portal","","",""
"","2095","loads with the hotel hero visible","chromium","Mon Sep 14 13:43:00 UTC 2026","passed","Mon Sep 14 13:43:03 UTC 2026","@smoke home page","","",""
"","3464","a message sent via the contact API shows up in the inbox","chromium","Mon Sep 14 13:43:54 UTC 2026","passed","Mon Sep 14 13:43:57 UTC 2026","admin message inbox","","",""
"","1854","message field accepts long text","chromium","Mon Sep 14 13:44:01 UTC 2026","passed","Mon Sep 14 13:44:03 UTC 2026","contact form","","",""
"","4070","logout leaves the portal for the public site","firefox","Mon Sep 14 13:43:51 UTC 2026","passed","Mon Sep 14 13:43:55 UTC 2026","admin navigation out of the portal","","",""
"","475","a booking created on room 1 is returned when scoping to room 1","api","Mon Sep 14 13:43:32 UTC 2026","passed","Mon Sep 14 13:43:33 UTC 2026","booking filter edges","","",""
"","2376","rejects login: wrong user, right password","webkit","Mon Sep 14 13:44:06 UTC 2026","passed","Mon Sep 14 13:44:09 UTC 2026","admin login","","",""
"","0","cancel closes the booking form","firefox","Mon Sep 14 13:44:08 UTC 2026","skipped","Mon Sep 14 13:44:08 UTC 2026","booking flow","","",""
"","1921","user can submit a valid contact message","chromium","Mon Sep 14 13:44:01 UTC 2026","passed","Mon Sep 14 13:44:03 UTC 2026","contact form","","",""
"","1968","valid credentials log the admin in","firefox","Mon Sep 14 13:43:52 UTC 2026","passed","Mon Sep 14 13:43:54 UTC 2026","admin login","","",""
"","1346","filtering by firstname surfaces a freshly-created booking","api","Mon Sep 14 13:43:31 UTC 2026","passed","Mon Sep 14 13:43:32 UTC 2026","booking filter edges","","",""
"","2475","user can submit a valid contact message","firefox","Mon Sep 14 13:44:08 UTC 2026","passed","Mon Sep 14 13:44:10 UTC 2026","contact form","","",""
"","2992","title matches the expected pattern","webkit","Mon Sep 14 13:44:35 UTC 2026","passed","Mon Sep 14 13:44:38 UTC 2026","home page navigation","","",""
"","1307","rejects login: wrong user, right password","chromium","Mon Sep 14 13:43:49 UTC 2026","passed","Mon Sep 14 13:43:51 UTC 2026","admin login","","",""
"","1687","title matches the expected pattern","chromium","Mon Sep 14 13:44:05 UTC 2026","passed","Mon Sep 14 13:44:07 UTC 2026","home page navigation","","",""
"","3968","a message sent via the contact API shows up in the inbox","firefox","Mon Sep 14 13:43:59 UTC 2026","passed","Mon Sep 14 13:44:03 UTC 2026","admin message inbox","","",""
"","1519","filtering by lastname surfaces a freshly-created booking","api","Mon Sep 14 13:43:33 UTC 2026","passed","Mon Sep 14 13:43:35 UTC 2026","booking list & filter","","",""
"","0","mobile: dates can be picked via calendar widget","firefox","Mon Sep 14 13:44:08 UTC 2026","skipped","Mon Sep 14 13:44:08 UTC 2026","booking flow","","",""
"","416","GET /booking/{id} returns the same booking","api","Mon Sep 14 13:43:31 UTC 2026","passed","Mon Sep 14 13:43:31 UTC 2026","booking CRUD","","",""
"","2269","message field accepts long text","firefox","Mon Sep 14 13:44:08 UTC 2026","passed","Mon Sep 14 13:44:11 UTC 2026","contact form","","",""
"","1513","login form has username and password fields","webkit","Mon Sep 14 13:44:09 UTC 2026","passed","Mon Sep 14 13:44:11 UTC 2026","admin login","","",""
"","2691","valid credentials log the admin in","webkit","Mon Sep 14 13:44:02 UTC 2026","passed","Mon Sep 14 13:44:04 UTC 2026","admin login","","",""
"","269","POST /room creates a room under the admin token","api","Mon Sep 14 13:43:37 UTC 2026","passed","Mon Sep 14 13:43:37 UTC 2026","room admin CRUD","","",""
"","2818","the rooms table renders after login","webkit","Mon Sep 14 13:44:15 UTC 2026","passed","Mon Sep 14 13:44:17 UTC 2026","admin room management","","",""
"","2647","user can open the booking form from a room card","chromium","Mon Sep 14 13:43:59 UTC 2026","passed","Mon Sep 14 13:44:01 UTC 2026","booking flow","","",""
"","1621","rejects login: wrong user, right password","firefox","Mon Sep 14 13:43:55 UTC 2026","passed","Mon Sep 14 13:43:57 UTC 2026","admin login","","",""
"","3233","branding details load from the nav","chromium","Mon Sep 14 13:43:43 UTC 2026","passed","Mon Sep 14 13:43:46 UTC 2026","admin branding page","","",""
"","3276","the inbox lists messages","firefox","Mon Sep 14 13:43:58 UTC 2026","passed","Mon Sep 14 13:44:02 UTC 2026","admin message inbox","","",""
"","0","cancel closes the booking form","chromium","Mon Sep 14 13:44:01 UTC 2026","skipped","Mon Sep 14 13:44:01 UTC 2026","booking flow","","",""
"","1754","contact section is reachable by scrolling","chromium","Mon Sep 14 13:43:03 UTC 2026","passed","Mon Sep 14 13:43:04 UTC 2026","@smoke home page","","",""
"","1","happy path: guest details + future dates produce a confirmation","chromium","Mon Sep 14 13:44:01 UTC 2026","skipped","Mon Sep 14 13:44:01 UTC 2026","booking flow","","",""
"","2266","rejects login: empty password","webkit","Mon Sep 14 13:44:09 UTC 2026","passed","Mon Sep 14 13:44:11 UTC 2026","admin login","","",""
"","1403","rejects login: empty password","firefox","Mon Sep 14 13:43:57 UTC 2026","passed","Mon Sep 14 13:43:59 UTC 2026","admin login","","",""
"","0","mobile: dates can be picked via calendar widget","chromium","Mon Sep 14 13:44:01 UTC 2026","skipped","Mon Sep 14 13:44:01 UTC 2026","booking flow","","",""
"","0","mobile: dates can be picked via calendar widget","webkit","Mon Sep 14 13:44:24 UTC 2026","skipped","Mon Sep 14 13:44:24 UTC 2026","booking flow","","",""
"","4548","a message sent via the contact API shows up in the inbox","webkit","Mon Sep 14 13:44:11 UTC 2026","passed","Mon Sep 14 13:44:16 UTC 2026","admin message inbox","","",""
"","3343","admin can create a room and see it listed","chromium","Mon Sep 14 13:43:58 UTC 2026","passed","Mon Sep 14 13:44:01 UTC 2026","admin room management","","",""
"","1","PATCH partially updates the booking","api","Mon Sep 14 13:43:31 UTC 2026","skipped","Mon Sep 14 13:43:31 UTC 2026","booking CRUD","","",""
"","0","happy path: guest details + future dates produce a confirmation","webkit","Mon Sep 14 13:44:24 UTC 2026","skipped","Mon Sep 14 13:44:24 UTC 2026","booking flow","","",""
"","249","validate rejects an obviously broken token","api","Mon Sep 14 13:43:29 UTC 2026","passed","Mon Sep 14 13:43:30 UTC 2026","auth API","","",""
"","1006","DELETE removes the booking","api","Mon Sep 14 13:43:31 UTC 2026","passed","Mon Sep 14 13:43:32 UTC 2026","booking CRUD","","",""
"","686","validate confirms a freshly issued token","api","Mon Sep 14 13:43:29 UTC 2026","passed","Mon Sep 14 13:43:30 UTC 2026","auth API","","",""
"","254","an unknown roomid yields an empty booking list","api","Mon Sep 14 13:43:30 UTC 2026","passed","Mon Sep 14 13:43:31 UTC 2026","booking filter edges","","",""
"","647","GET /report/room/{id} returns entries for a single room","api","Mon Sep 14 13:43:37 UTC 2026","passed","Mon Sep 14 13:43:37 UTC 2026","occupancy report API","","",""
"","1903","the create-room form exposes the room fields","chromium","Mon Sep 14 13:43:57 UTC 2026","passed","Mon Sep 14 13:43:59 UTC 2026","admin room management","","",""
"","7584","logout leaves the portal for the public site","webkit","Mon Sep 14 13:43:59 UTC 2026","passed","Mon Sep 14 13:44:06 UTC 2026","admin navigation out of the portal","","",""
"","515","logout does not throw on a valid token","api","Mon Sep 14 13:43:30 UTC 2026","passed","Mon Sep 14 13:43:30 UTC 2026","auth API","","",""
"","6278","branding details load from the nav","webkit","Mon Sep 14 13:43:52 UTC 2026","passed","Mon Sep 14 13:43:58 UTC 2026","admin branding page","","",""
"","243","POST /message accepts a contact message","api","Mon Sep 14 13:43:35 UTC 2026","passed","Mon Sep 14 13:43:35 UTC 2026","contact messages API","","",""
"","232","GET /branding exposes hotel name, contact and address","api","Mon Sep 14 13:43:35 UTC 2026","passed","Mon Sep 14 13:43:35 UTC 2026","branding API","","",""
"","4697","message field accepts long text","webkit","Mon Sep 14 13:44:26 UTC 2026","passed","Mon Sep 14 13:44:30 UTC 2026","contact form","","",""
"","1654","rejects login: right user, wrong password","chromium","Mon Sep 14 13:43:48 UTC 2026","passed","Mon Sep 14 13:43:50 UTC 2026","admin login","","",""
"","1875","renders at least one room card","firefox","Mon Sep 14 13:44:11 UTC 2026","passed","Mon Sep 14 13:44:13 UTC 2026","home page navigation","","",""
"","4616","user can open the booking form from a room card","webkit","Mon Sep 14 13:44:19 UTC 2026","passed","Mon Sep 14 13:44:24 UTC 2026","booking flow","","",""
"","7534","admin can create a room and see it listed","webkit","Mon Sep 14 13:44:17 UTC 2026","passed","Mon Sep 14 13:44:25 UTC 2026","admin room management","","",""
"","2754","rejects login: empty password","chromium","Mon Sep 14 13:43:51 UTC 2026","passed","Mon Sep 14 13:43:53 UTC 2026","admin login","","",""
"","236","GET /branding returns numeric map coordinates","api","Mon Sep 14 13:43:35 UTC 2026","passed","Mon Sep 14 13:43:35 UTC 2026","branding API","","",""
"","2282","rejects login: empty username","webkit","Mon Sep 14 13:44:07 UTC 2026","passed","Mon Sep 14 13:44:09 UTC 2026","admin login","","",""
"","683","GET /message/{id} returns the full message body","api","Mon Sep 14 13:43:35 UTC 2026","passed","Mon Sep 14 13:43:36 UTC 2026","contact messages API","","",""
"","416","PUT /room/{id} updates price and type","api","Mon Sep 14 13:43:38 UTC 2026","passed","Mon Sep 14 13:43:38 UTC 2026","room admin CRUD","","",""
"","247","PUT fully updates the booking","api","Mon Sep 14 13:43:31 UTC 2026","passed","Mon Sep 14 13:43:31 UTC 2026","booking CRUD","","",""
"","2601","user can open the booking form from a room card","firefox","Mon Sep 14 13:44:06 UTC 2026","passed","Mon Sep 14 13:44:08 UTC 2026","booking flow","","",""
"","518","GET /report returns dated occupancy entries","api","Mon Sep 14 13:43:36 UTC 2026","passed","Mon Sep 14 13:43:37 UTC 2026","occupancy report API","","",""
"","3200","logout leaves the portal for the public site","chromium","Mon Sep 14 13:43:46 UTC 2026","passed","Mon Sep 14 13:43:49 UTC 2026","admin navigation out of the portal","","",""
"","624","a created message surfaces in the inbox by subject","api","Mon Sep 14 13:43:35 UTC 2026","passed","Mon Sep 14 13:43:36 UTC 2026","contact messages API","","",""
"","1305","rejects login: empty username","chromium","Mon Sep 14 13:43:50 UTC 2026","passed","Mon Sep 14 13:43:51 UTC 2026","admin login","","",""
"","3936","the inbox lists messages","webkit","Mon Sep 14 13:44:11 UTC 2026","passed","Mon Sep 14 13:44:15 UTC 2026","admin message inbox","","",""
"","954","GET /booking returns an array of {bookingid}","api","Mon Sep 14 13:43:33 UTC 2026","passed","Mon Sep 14 13:43:34 UTC 2026","booking list & filter","","",""
"","1655","rejects login: empty username","firefox","Mon Sep 14 13:43:56 UTC 2026","passed","Mon Sep 14 13:43:57 UTC 2026","admin login","","",""
"","1015","login page renders the form","chromium","Mon Sep 14 13:42:59 UTC 2026","passed","Mon Sep 14 13:43:00 UTC 2026","@smoke admin portal","","",""
